feature,importance
f4,0.17383283943573044
f7,0.16864266370971753
f9,0.15930295708942002
f6,0.1222586341418913
f2,0.10911221140966217
f3,0.10632168971403695
f5,0.05509957163281805
f8,0.05195197933925765
f0,0.03978662756007394
f1,0.01369082596739197
f18,0.0
f25,0.0
f24,0.0
f23,0.0
f22,0.0
f21,0.0
f20,0.0
f19,0.0
f13,0.0
f17,0.0
f16,0.0
f15,0.0
f14,0.0
f12,0.0
f11,0.0
f10,0.0
f26,0.0
