model,r2
pred_HFWV8N,-2.107031281539152
pred_OBONV1,-2.411667374089776
pred_AA6KBD,-2.459168589331485
pred_IPBG4J,-2.5378745074449833
pred_LFHXNV,-4.7879362698895935
